"","pID","issue","direction","stim","didactic","guesscorrect","edu","lad","age","female","button_presses"
"1","TD003","gc","agree",0,0,1,7,2,46,0,14
"3","TD003","gc","disagree",0,0,1,7,2,46,0,21
"5","TD003","hs","agree",0,0,1,7,2,46,0,24
"7","TD003","hs","disagree",0,0,1,7,2,46,0,27
"9","TD003","lm","agree",0,0,1,7,2,46,0,28
"11","TD003","lm","disagree",0,0,1,7,2,46,0,22
"13","TD003","sm","agree",0,0,1,7,2,46,0,31
"15","TD003","sm","disagree",0,0,1,7,2,46,0,26
"17","TD004","aa","agree",0,0,1,4,3,54,0,13
"19","TD004","aa","disagree",0,0,1,4,3,54,0,14
"21","TD004","hs","agree",0,0,1,4,3,54,0,15
"23","TD004","hs","disagree",0,0,1,4,3,54,0,16
"25","TD004","sm","agree",0,0,1,4,3,54,0,15
"27","TD004","sm","disagree",0,0,1,4,3,54,0,14
"29","TD004","uh","agree",0,0,1,4,3,54,0,12
"31","TD004","uh","disagree",0,0,1,4,3,54,0,12
"33","TD005","gc","agree",0,1,1,3,2,31,0,12
"35","TD005","gc","disagree",0,1,1,3,2,31,0,8
"37","TD005","lm","agree",0,1,1,3,2,31,0,10
"39","TD005","lm","disagree",0,1,1,3,2,31,0,6
"41","TD005","pa","agree",0,1,1,3,2,31,0,7
"43","TD005","pa","disagree",0,1,1,3,2,31,0,3
"45","TD005","sm","agree",0,1,1,3,2,31,0,8
"47","TD005","sm","disagree",0,1,1,3,2,31,0,6
"49","TD006","aa","agree",0,1,1,5,1,54,1,15
"51","TD006","aa","disagree",0,1,1,5,1,54,1,16
"53","TD006","pa","agree",0,1,1,5,1,54,1,16
"55","TD006","pa","disagree",0,1,1,5,1,54,1,15
"57","TD006","sm","agree",0,1,1,5,1,54,1,18
"59","TD006","sm","disagree",0,1,1,5,1,54,1,18
"61","TD006","uh","agree",0,1,1,5,1,54,1,13
"63","TD006","uh","disagree",0,1,1,5,1,54,1,15
"65","TD007","gc","agree",0,1,0,1,3,55,0,17
"67","TD007","gc","disagree",0,1,0,1,3,55,0,14
"69","TD007","hs","agree",0,1,0,1,3,55,0,18
"71","TD007","hs","disagree",0,1,0,1,3,55,0,19
"73","TD007","sm","agree",0,1,0,1,3,55,0,24
"75","TD007","sm","disagree",0,1,0,1,3,55,0,24
"77","TD007","uh","agree",0,1,0,1,3,55,0,21
"79","TD007","uh","disagree",0,1,0,1,3,55,0,17
"85","TD008","sm","agree",0,0,1,5,1,30,0,14
"87","TD008","sm","disagree",0,0,1,5,1,30,0,13
"89","TD009","aa","agree",0,0,1,7,2,42,0,12
"91","TD009","aa","disagree",0,0,1,7,2,42,0,14
"93","TD009","gc","agree",0,0,1,7,2,42,0,9
"95","TD009","gc","disagree",0,0,1,7,2,42,0,12
"97","TD009","he","agree",0,0,1,7,2,42,0,10
"99","TD009","he","disagree",0,0,1,7,2,42,0,17
"101","TD009","sm","agree",0,0,1,7,2,42,0,13
"103","TD009","sm","disagree",0,0,1,7,2,42,0,17
"105","TD010","aa","agree",0,1,1,1,4,66,0,9
"107","TD010","aa","disagree",0,1,1,1,4,66,0,8
"109","TD010","gc","agree",0,1,1,1,4,66,0,8
"111","TD010","gc","disagree",0,1,1,1,4,66,0,8
"113","TD010","he","agree",0,1,1,1,4,66,0,12
"115","TD010","he","disagree",0,1,1,1,4,66,0,11
"117","TD010","sm","agree",0,1,1,1,4,66,0,10
"119","TD010","sm","disagree",0,1,1,1,4,66,0,13
"121","TD011","hs","agree",0,1,0,1,3,42,0,23
"123","TD011","hs","disagree",0,1,0,1,3,42,0,17
"125","TD011","lm","agree",0,1,0,1,3,42,0,18
"127","TD011","lm","disagree",0,1,0,1,3,42,0,19
"129","TD011","sm","agree",0,1,0,1,3,42,0,19
"131","TD011","sm","disagree",0,1,0,1,3,42,0,20
"133","TD011","uh","agree",0,1,0,1,3,42,0,19
"135","TD011","uh","disagree",0,1,0,1,3,42,0,16
"137","TD012","aa","agree",0,1,1,7,1,30,1,8
"139","TD012","aa","disagree",0,1,1,7,1,30,1,11
"141","TD012","pa","agree",0,1,1,7,1,30,1,11
"143","TD012","pa","disagree",0,1,1,7,1,30,1,13
"145","TD012","sm","agree",0,1,1,7,1,30,1,12
"147","TD012","sm","disagree",0,1,1,7,1,30,1,12
"149","TD012","uh","agree",0,1,1,7,1,30,1,10
"151","TD012","uh","disagree",0,1,1,7,1,30,1,9
"153","TD013","aa","agree",0,0,1,3,3,19,0,18
"155","TD013","aa","disagree",0,0,1,3,3,19,0,20
"157","TD013","gc","agree",0,0,1,3,3,19,0,18
"159","TD013","gc","disagree",0,0,1,3,3,19,0,14
"161","TD013","he","agree",0,0,1,3,3,19,0,19
"163","TD013","he","disagree",0,0,1,3,3,19,0,13
"165","TD013","sm","agree",0,0,1,3,3,19,0,19
"167","TD013","sm","disagree",0,0,1,3,3,19,0,20
"169","TD014","gc","agree",0,0,1,4,2,21,1,13
"171","TD014","gc","disagree",0,0,1,4,2,21,1,8
"173","TD014","lm","agree",0,0,1,4,2,21,1,10
"175","TD014","lm","disagree",0,0,1,4,2,21,1,7
"177","TD014","pa","agree",0,0,1,4,2,21,1,12
"179","TD014","pa","disagree",0,0,1,4,2,21,1,11
"181","TD014","sm","agree",0,0,1,4,2,21,1,9
"183","TD014","sm","disagree",0,0,1,4,2,21,1,9
"185","TD015","gc","agree",0,0,1,5,1,41,0,7
"187","TD015","gc","disagree",0,0,1,5,1,41,0,6
"189","TD015","hs","agree",0,0,1,5,1,41,0,8
"191","TD015","hs","disagree",0,0,1,5,1,41,0,5
"193","TD015","sm","agree",0,0,1,5,1,41,0,9
"195","TD015","sm","disagree",0,0,1,5,1,41,0,5
"197","TD015","uh","agree",0,0,1,5,1,41,0,5
"199","TD015","uh","disagree",0,0,1,5,1,41,0,5
"201","TD016","aa","agree",0,1,1,4,1,18,0,10
"203","TD016","aa","disagree",0,1,1,4,1,18,0,11
"205","TD016","he","agree",0,1,1,4,1,18,0,10
"207","TD016","he","disagree",0,1,1,4,1,18,0,12
"209","TD016","lm","agree",0,1,1,4,1,18,0,10
"211","TD016","lm","disagree",0,1,1,4,1,18,0,9
"213","TD016","sm","agree",0,1,1,4,1,18,0,13
"215","TD016","sm","disagree",0,1,1,4,1,18,0,14
"217","TD017","hs","agree",0,0,1,3,4,18,1,11
"219","TD017","hs","disagree",0,0,1,3,4,18,1,11
"221","TD017","lm","agree",0,0,1,3,4,18,1,11
"223","TD017","lm","disagree",0,0,1,3,4,18,1,11
"225","TD017","sm","agree",0,0,1,3,4,18,1,15
"227","TD017","sm","disagree",0,0,1,3,4,18,1,11
"229","TD017","uh","agree",0,0,1,3,4,18,1,11
"231","TD017","uh","disagree",0,0,1,3,4,18,1,9
"233","TD018","aa","agree",0,1,1,3,4,49,0,14
"235","TD018","aa","disagree",0,1,1,3,4,49,0,10
"237","TD018","lm","agree",0,1,1,3,4,49,0,13
"239","TD018","lm","disagree",0,1,1,3,4,49,0,12
"241","TD018","pa","agree",0,1,1,3,4,49,0,15
"243","TD018","pa","disagree",0,1,1,3,4,49,0,10
"245","TD018","sm","agree",0,1,1,3,4,49,0,11
"247","TD018","sm","disagree",0,1,1,3,4,49,0,11
"249","TD019","aa","agree",0,0,1,3,2,50,0,6
"251","TD019","aa","disagree",0,0,1,3,2,50,0,6
"253","TD019","hs","agree",0,0,1,3,2,50,0,4
"255","TD019","hs","disagree",0,0,1,3,2,50,0,5
"257","TD019","sm","agree",0,0,1,3,2,50,0,5
"259","TD019","sm","disagree",0,0,1,3,2,50,0,5
"261","TD019","uh","agree",0,0,1,3,2,50,0,6
"263","TD019","uh","disagree",0,0,1,3,2,50,0,5
"265","TD020","aa","agree",0,0,1,5,3,24,0,7
"267","TD020","aa","disagree",0,0,1,5,3,24,0,4
"269","TD020","gc","agree",0,0,1,5,3,24,0,10
"271","TD020","gc","disagree",0,0,1,5,3,24,0,7
"273","TD020","he","agree",0,0,1,5,3,24,0,9
"275","TD020","he","disagree",0,0,1,5,3,24,0,9
"277","TD020","sm","agree",0,0,1,5,3,24,0,7
"279","TD020","sm","disagree",0,0,1,5,3,24,0,8
"281","TD021","gc","agree",0,1,1,1,5,52,0,4
"283","TD021","gc","disagree",0,1,1,1,5,52,0,4
"285","TD021","he","agree",0,1,1,1,5,52,0,4
"287","TD021","he","disagree",0,1,1,1,5,52,0,3
"289","TD021","lm","agree",0,1,1,1,5,52,0,5
"291","TD021","lm","disagree",0,1,1,1,5,52,0,2
"293","TD021","sm","agree",0,1,1,1,5,52,0,4
"295","TD021","sm","disagree",0,1,1,1,5,52,0,4
"297","TD022","aa","agree",0,1,0,1,5,41,1,5
"299","TD022","aa","disagree",0,1,0,1,5,41,1,4
"301","TD022","gc","agree",0,1,0,1,5,41,1,7
"303","TD022","gc","disagree",0,1,0,1,5,41,1,6
"305","TD022","pa","agree",0,1,0,1,5,41,1,7
"307","TD022","pa","disagree",0,1,0,1,5,41,1,4
"309","TD022","sm","agree",0,1,0,1,5,41,1,5
"311","TD022","sm","disagree",0,1,0,1,5,41,1,4
"313","TD023","aa","agree",0,1,1,3,3,20,0,7
"315","TD023","aa","disagree",0,1,1,3,3,20,0,7
"317","TD023","he","agree",0,1,1,3,3,20,0,8
"319","TD023","he","disagree",0,1,1,3,3,20,0,7
"321","TD023","lm","agree",0,1,1,3,3,20,0,13
"323","TD023","lm","disagree",0,1,1,3,3,20,0,7
"325","TD023","sm","agree",0,1,1,3,3,20,0,9
"327","TD023","sm","disagree",0,1,1,3,3,20,0,6
"329","TD024","he","agree",0,0,1,4,2,23,0,7
"331","TD024","he","disagree",0,0,1,4,2,23,0,7
"333","TD024","lm","agree",0,0,1,4,2,23,0,4
"335","TD024","lm","disagree",0,0,1,4,2,23,0,2
"337","TD024","sm","agree",0,0,1,4,2,23,0,6
"339","TD024","sm","disagree",0,0,1,4,2,23,0,5
"341","TD024","uh","agree",0,0,1,4,2,23,0,6
"343","TD024","uh","disagree",0,0,1,4,2,23,0,2
"345","TD025","aa","agree",0,0,1,4,2,22,0,14
"347","TD025","aa","disagree",0,0,1,4,2,22,0,11
"349","TD025","he","agree",0,0,1,4,2,22,0,10
"351","TD025","he","disagree",0,0,1,4,2,22,0,11
"353","TD025","lm","agree",0,0,1,4,2,22,0,13
"355","TD025","lm","disagree",0,0,1,4,2,22,0,12
"357","TD025","sm","agree",0,0,1,4,2,22,0,13
"359","TD025","sm","disagree",0,0,1,4,2,22,0,6
"361","TD026","aa","agree",0,1,1,1,1,19,1,8
"363","TD026","aa","disagree",0,1,1,1,1,19,1,7
"365","TD026","he","agree",0,1,1,1,1,19,1,10
"367","TD026","he","disagree",0,1,1,1,1,19,1,13
"369","TD026","sm","agree",0,1,1,1,1,19,1,10
"371","TD026","sm","disagree",0,1,1,1,1,19,1,11
"373","TD026","uh","agree",0,1,1,1,1,19,1,12
"375","TD026","uh","disagree",0,1,1,1,1,19,1,12
"377","TD027","aa","agree",0,1,1,5,4,44,0,5
"379","TD027","aa","disagree",0,1,1,5,4,44,0,7
"381","TD027","gc","agree",0,1,1,5,4,44,0,7
"383","TD027","gc","disagree",0,1,1,5,4,44,0,6
"385","TD027","hs","agree",0,1,1,5,4,44,0,6
"387","TD027","hs","disagree",0,1,1,5,4,44,0,10
"389","TD027","sm","agree",0,1,1,5,4,44,0,7
"391","TD027","sm","disagree",0,1,1,5,4,44,0,9
"393","TD028","gc","agree",0,0,1,1,5,19,1,19
"395","TD028","gc","disagree",0,0,1,1,5,19,1,18
"397","TD028","lm","agree",0,0,1,1,5,19,1,20
"399","TD028","lm","disagree",0,0,1,1,5,19,1,22
"401","TD028","sm","agree",0,0,1,1,5,19,1,27
"403","TD028","sm","disagree",0,0,1,1,5,19,1,21
"405","TD028","uh","agree",0,0,1,1,5,19,1,21
"407","TD028","uh","disagree",0,0,1,1,5,19,1,19
"409","TD029","hs","agree",0,1,1,1,2,29,1,8
"411","TD029","hs","disagree",0,1,1,1,2,29,1,6
"413","TD029","lm","agree",0,1,1,1,2,29,1,14
"415","TD029","lm","disagree",0,1,1,1,2,29,1,13
"417","TD029","sm","agree",0,1,1,1,2,29,1,7
"419","TD029","sm","disagree",0,1,1,1,2,29,1,7
"421","TD029","uh","agree",0,1,1,1,2,29,1,5
"423","TD029","uh","disagree",0,1,1,1,2,29,1,8
"425","TD030","hs","agree",0,0,0,1,4,54,0,9
"427","TD030","hs","disagree",0,0,0,1,4,54,0,4
"429","TD030","lm","agree",0,0,0,1,4,54,0,5
"431","TD030","lm","disagree",0,0,0,1,4,54,0,8
"433","TD030","sm","agree",0,0,0,1,4,54,0,7
"435","TD030","sm","disagree",0,0,0,1,4,54,0,15
"437","TD030","uh","agree",0,0,0,1,4,54,0,4
"439","TD030","uh","disagree",0,0,0,1,4,54,0,17
"441","TD031","he","agree",0,1,1,3,4,19,0,14
"443","TD031","he","disagree",0,1,1,3,4,19,0,15
"445","TD031","lm","agree",0,1,1,3,4,19,0,11
"447","TD031","lm","disagree",0,1,1,3,4,19,0,13
"449","TD031","sm","agree",0,1,1,3,4,19,0,13
"451","TD031","sm","disagree",0,1,1,3,4,19,0,7
"453","TD032","he","agree",0,0,0,1,1,69,0,13
"454","TD032","he","disagree",0,0,0,1,1,69,0,12
"455","TD032","sm","agree",0,0,0,1,1,69,0,13
"456","TD032","sm","disagree",0,0,0,1,1,69,0,12
"457","TD033","lm","agree",0,1,0,1,3,61,0,10
"459","TD033","lm","disagree",0,1,0,1,3,61,0,11
"461","TD033","pa","agree",0,1,0,1,3,61,0,12
"463","TD033","pa","disagree",0,1,0,1,3,61,0,10
"465","TD033","sm","agree",0,1,0,1,3,61,0,9
"467","TD033","sm","disagree",0,1,0,1,3,61,0,11
"469","TD033","uh","agree",0,1,0,1,3,61,0,9
"471","TD033","uh","disagree",0,1,0,1,3,61,0,6
"473","TD034","gc","agree",0,1,1,4,3,56,0,8
"475","TD034","gc","disagree",0,1,1,4,3,56,0,7
"477","TD034","lm","agree",0,1,1,4,3,56,0,6
"479","TD034","lm","disagree",0,1,1,4,3,56,0,7
"481","TD034","pa","agree",0,1,1,4,3,56,0,10
"483","TD034","pa","disagree",0,1,1,4,3,56,0,6
"485","TD034","sm","agree",0,1,1,4,3,56,0,9
"487","TD034","sm","disagree",0,1,1,4,3,56,0,7
"489","TD035","lm","agree",0,1,1,1,2,55,0,12
"491","TD035","lm","disagree",0,1,1,1,2,55,0,13
"493","TD035","pa","agree",0,1,1,1,2,55,0,18
"495","TD035","pa","disagree",0,1,1,1,2,55,0,15
"497","TD035","sm","agree",0,1,1,1,2,55,0,16
"499","TD035","sm","disagree",0,1,1,1,2,55,0,14
"501","TD036","gc","agree",0,0,1,1,1,52,0,17
"503","TD036","gc","disagree",0,0,1,1,1,52,0,14
"505","TD036","he","agree",0,0,1,1,1,52,0,14
"507","TD036","he","disagree",0,0,1,1,1,52,0,16
"509","TD036","lm","agree",0,0,1,1,1,52,0,15
"511","TD036","lm","disagree",0,0,1,1,1,52,0,15
"513","TD036","sm","agree",0,0,1,1,1,52,0,13
"515","TD036","sm","disagree",0,0,1,1,1,52,0,14
"517","TD037","aa","agree",0,0,1,1,2,50,0,6
"519","TD037","aa","disagree",0,0,1,1,2,50,0,6
"521","TD037","gc","agree",0,0,1,1,2,50,0,7
"523","TD037","gc","disagree",0,0,1,1,2,50,0,8
"525","TD037","hs","agree",0,0,1,1,2,50,0,8
"527","TD037","hs","disagree",0,0,1,1,2,50,0,4
"529","TD037","sm","agree",0,0,1,1,2,50,0,8
"531","TD037","sm","disagree",0,0,1,1,2,50,0,8
"533","TD038","gc","agree",0,0,1,1,1,55,0,14
"534","TD038","gc","disagree",0,0,1,1,1,55,0,34
"535","TD038","he","agree",0,0,1,1,1,55,0,27
"536","TD038","he","disagree",0,0,1,1,1,55,0,20
"537","TD038","lm","agree",0,0,1,1,1,55,0,17
"539","TD038","lm","disagree",0,0,1,1,1,55,0,16
"541","TD038","sm","agree",0,0,1,1,1,55,0,26
"543","TD038","sm","disagree",0,0,1,1,1,55,0,19
"545","TD039","aa","agree",0,0,1,7,2,63,0,27
"547","TD039","aa","disagree",0,0,1,7,2,63,0,21
"549","TD039","he","agree",0,0,1,7,2,63,0,29
"551","TD039","he","disagree",0,0,1,7,2,63,0,19
"553","TD039","lm","agree",0,0,1,7,2,63,0,32
"555","TD039","lm","disagree",0,0,1,7,2,63,0,12
"557","TD039","sm","agree",0,0,1,7,2,63,0,19
"559","TD039","sm","disagree",0,0,1,7,2,63,0,9
"561","TD040","gc","agree",0,0,1,5,1,25,1,16
"563","TD040","gc","disagree",0,0,1,5,1,25,1,16
"565","TD040","hs","agree",0,0,1,5,1,25,1,14
"567","TD040","hs","disagree",0,0,1,5,1,25,1,15
"569","TD040","sm","agree",0,0,1,5,1,25,1,15
"571","TD040","sm","disagree",0,0,1,5,1,25,1,13
"573","TD040","uh","agree",0,0,1,5,1,25,1,15
"575","TD040","uh","disagree",0,0,1,5,1,25,1,17
"577","TD041","aa","agree",0,1,1,5,2,55,0,25
"579","TD041","aa","disagree",0,1,1,5,2,55,0,18
"581","TD041","gc","agree",0,1,1,5,2,55,0,23
"583","TD041","gc","disagree",0,1,1,5,2,55,0,20
"585","TD041","sm","agree",0,1,1,5,2,55,0,20
"587","TD041","sm","disagree",0,1,1,5,2,55,0,21
"597","TD044","aa","agree",0,0,1,1,2,23,0,3
"599","TD044","aa","disagree",0,0,1,1,2,23,0,3
"601","TD044","hs","agree",0,0,1,1,2,23,0,8
"603","TD044","hs","disagree",0,0,1,1,2,23,0,6
"605","TD044","lm","agree",0,0,1,1,2,23,0,7
"607","TD044","lm","disagree",0,0,1,1,2,23,0,4
"609","TD044","sm","agree",0,0,1,1,2,23,0,4
"611","TD044","sm","disagree",0,0,1,1,2,23,0,5
"613","TD045","gc","agree",0,0,0,3,1,26,1,11
"615","TD045","gc","disagree",0,0,0,3,1,26,1,10
"617","TD045","lm","agree",0,0,0,3,1,26,1,11
"619","TD045","lm","disagree",0,0,0,3,1,26,1,9
"621","TD045","pa","agree",0,0,0,3,1,26,1,18
"623","TD045","pa","disagree",0,0,0,3,1,26,1,10
"625","TD045","sm","agree",0,0,0,3,1,26,1,15
"627","TD045","sm","disagree",0,0,0,3,1,26,1,8
"629","TD046","gc","agree",0,1,0,1,2,35,0,11
"631","TD046","gc","disagree",0,1,0,1,2,35,0,11
"633","TD046","hs","agree",0,1,0,1,2,35,0,12
"635","TD046","hs","disagree",0,1,0,1,2,35,0,12
"637","TD046","sm","agree",0,1,0,1,2,35,0,32
"639","TD046","sm","disagree",0,1,0,1,2,35,0,24
"641","TD047","gc","agree",0,1,1,5,3,24,1,20
"643","TD047","gc","disagree",0,1,1,5,3,24,1,17
"645","TD047","he","agree",0,1,1,5,3,24,1,21
"647","TD047","he","disagree",0,1,1,5,3,24,1,21
"649","TD047","lm","agree",0,1,1,5,3,24,1,18
"651","TD047","lm","disagree",0,1,1,5,3,24,1,17
"653","TD047","sm","agree",0,1,1,5,3,24,1,20
"655","TD047","sm","disagree",0,1,1,5,3,24,1,20
"657","TD048","aa","agree",0,1,0,5,2,25,0,12
"659","TD048","aa","disagree",0,1,0,5,2,25,0,9
"661","TD048","gc","agree",0,1,0,5,2,25,0,12
"663","TD048","gc","disagree",0,1,0,5,2,25,0,9
"665","TD048","pa","agree",0,1,0,5,2,25,0,13
"667","TD048","pa","disagree",0,1,0,5,2,25,0,5
"669","TD048","sm","agree",0,1,0,5,2,25,0,8
"671","TD048","sm","disagree",0,1,0,5,2,25,0,5
"673","TD049","aa","agree",0,0,1,1,4,42,0,4
"675","TD049","aa","disagree",0,0,1,1,4,42,0,4
"677","TD049","gc","agree",0,0,1,1,4,42,0,4
"679","TD049","gc","disagree",0,0,1,1,4,42,0,4
"681","TD049","pa","agree",0,0,1,1,4,42,0,4
"683","TD049","pa","disagree",0,0,1,1,4,42,0,4
"685","TD049","sm","agree",0,0,1,1,4,42,0,4
"687","TD049","sm","disagree",0,0,1,1,4,42,0,4
"689","TD050","gc","agree",0,0,1,1,2,21,0,12
"691","TD050","gc","disagree",0,0,1,1,2,21,0,15
"693","TD050","hs","agree",0,0,1,1,2,21,0,14
"695","TD050","hs","disagree",0,0,1,1,2,21,0,14
"697","TD050","lm","agree",0,0,1,1,2,21,0,16
"699","TD050","lm","disagree",0,0,1,1,2,21,0,14
"701","TD050","sm","agree",0,0,1,1,2,21,0,18
"703","TD050","sm","disagree",0,0,1,1,2,21,0,12
"707","TD051","lm","agree",0,1,1,1,4,30,0,8
"709","TD051","lm","disagree",0,1,1,1,4,30,0,8
"713","TD051","sm","agree",0,1,1,1,4,30,0,5
"715","TD051","sm","disagree",0,1,1,1,4,30,0,8
"717","TD052","aa","agree",0,1,1,3,3,37,0,13
"719","TD052","aa","disagree",0,1,1,3,3,37,0,20
"721","TD052","gc","agree",0,1,1,3,3,37,0,16
"723","TD052","gc","disagree",0,1,1,3,3,37,0,25
"725","TD052","hs","agree",0,1,1,3,3,37,0,8
"727","TD052","hs","disagree",0,1,1,3,3,37,0,14
"729","TD052","sm","agree",0,1,1,3,3,37,0,14
"731","TD052","sm","disagree",0,1,1,3,3,37,0,16
"733","TD053","gc","agree",0,0,0,1,2,45,0,4
"735","TD053","gc","disagree",0,0,0,1,2,45,0,4
"737","TD053","he","agree",0,0,0,1,2,45,0,9
"739","TD053","he","disagree",0,0,0,1,2,45,0,9
"741","TD053","sm","agree",0,0,0,1,2,45,0,8
"743","TD053","sm","disagree",0,0,0,1,2,45,0,8
"745","TD053","uh","agree",0,0,0,1,2,45,0,8
"747","TD053","uh","disagree",0,0,0,1,2,45,0,9
"749","TD054","gc","agree",0,0,0,1,2,58,0,5
"750","TD054","gc","disagree",0,0,0,1,2,58,0,3
"751","TD054","lm","agree",0,0,0,1,2,58,0,3
"752","TD054","lm","disagree",0,0,0,1,2,58,0,4
"753","TD054","pa","agree",0,0,0,1,2,58,0,4
"754","TD054","pa","disagree",0,0,0,1,2,58,0,4
"755","TD054","sm","agree",0,0,0,1,2,58,0,3
"756","TD054","sm","disagree",0,0,0,1,2,58,0,5
"765","TD056","aa","agree",0,1,1,5,1,23,0,4
"767","TD056","aa","disagree",0,1,1,5,1,23,0,7
"769","TD056","gc","agree",0,1,1,5,1,23,0,10
"770","TD056","gc","disagree",0,1,1,5,1,23,0,9
"771","TD056","pa","agree",0,1,1,5,1,23,0,7
"772","TD056","pa","disagree",0,1,1,5,1,23,0,7
"773","TD056","sm","agree",0,1,1,5,1,23,0,10
"775","TD056","sm","disagree",0,1,1,5,1,23,0,10
"777","TD057","gc","agree",0,1,1,1,2,41,0,5
"779","TD057","gc","disagree",0,1,1,1,2,41,0,8
"781","TD057","hs","agree",0,1,1,1,2,41,0,10
"783","TD057","hs","disagree",0,1,1,1,2,41,0,8
"785","TD057","lm","agree",0,1,1,1,2,41,0,7
"787","TD057","lm","disagree",0,1,1,1,2,41,0,7
"789","TD057","sm","agree",0,1,1,1,2,41,0,12
"791","TD057","sm","disagree",0,1,1,1,2,41,0,9
"793","TD058","aa","agree",0,0,0,3,3,50,0,12
"795","TD058","aa","disagree",0,0,0,3,3,50,0,11
"797","TD058","he","agree",0,0,0,3,3,50,0,13
"799","TD058","he","disagree",0,0,0,3,3,50,0,11
"801","TD058","sm","agree",0,0,0,3,3,50,0,8
"803","TD058","sm","disagree",0,0,0,3,3,50,0,9
"805","TD059","gc","agree",0,0,1,1,3,19,0,8
"807","TD059","gc","disagree",0,0,1,1,3,19,0,7
"809","TD059","he","agree",0,0,1,1,3,19,0,10
"811","TD059","he","disagree",0,0,1,1,3,19,0,7
"813","TD059","lm","agree",0,0,1,1,3,19,0,10
"815","TD059","lm","disagree",0,0,1,1,3,19,0,13
"817","TD059","sm","agree",0,0,1,1,3,19,0,7
"819","TD059","sm","disagree",0,0,1,1,3,19,0,9
"821","TD060","gc","agree",0,1,0,1,3,20,1,7
"823","TD060","gc","disagree",0,1,0,1,3,20,1,9
"825","TD060","pa","agree",0,1,0,1,3,20,1,8
"827","TD060","pa","disagree",0,1,0,1,3,20,1,6
"829","TD060","sm","agree",0,1,0,1,3,20,1,4
"831","TD060","sm","disagree",0,1,0,1,3,20,1,3
"833","TD060","uh","agree",0,1,0,1,3,20,1,5
"835","TD060","uh","disagree",0,1,0,1,3,20,1,4
"837","TD061","he","agree",0,1,1,1,2,44,0,14
"839","TD061","he","disagree",0,1,1,1,2,44,0,12
"841","TD061","lm","agree",0,1,1,1,2,44,0,12
"843","TD061","lm","disagree",0,1,1,1,2,44,0,13
"845","TD061","sm","agree",0,1,1,1,2,44,0,11
"847","TD061","sm","disagree",0,1,1,1,2,44,0,9
"849","TD061","uh","agree",0,1,1,1,2,44,0,12
"851","TD061","uh","disagree",0,1,1,1,2,44,0,12
"853","TD062","gc","agree",0,1,0,3,2,33,0,23
"855","TD062","gc","disagree",0,1,0,3,2,33,0,19
"857","TD062","he","agree",0,1,0,3,2,33,0,33
"859","TD062","he","disagree",0,1,0,3,2,33,0,18
"861","TD062","lm","agree",0,1,0,3,2,33,0,18
"863","TD062","lm","disagree",0,1,0,3,2,33,0,26
"865","TD062","sm","agree",0,1,0,3,2,33,0,42
"867","TD062","sm","disagree",0,1,0,3,2,33,0,24
"877","TD064","gc","agree",0,1,1,3,3,20,1,20
"879","TD064","gc","disagree",0,1,1,3,3,20,1,19
"881","TD064","pa","agree",0,1,1,3,3,20,1,22
"883","TD064","pa","disagree",0,1,1,3,3,20,1,24
"885","TD064","sm","agree",0,1,1,3,3,20,1,21
"887","TD064","sm","disagree",0,1,1,3,3,20,1,18
"889","TD064","uh","agree",0,1,1,3,3,20,1,19
"891","TD064","uh","disagree",0,1,1,3,3,20,1,16
"893","TD065","aa","agree",0,0,1,3,4,19,1,21
"895","TD065","aa","disagree",0,0,1,3,4,19,1,16
"897","TD065","hs","agree",0,0,1,3,4,19,1,19
"899","TD065","hs","disagree",0,0,1,3,4,19,1,16
"901","TD065","lm","agree",0,0,1,3,4,19,1,18
"903","TD065","lm","disagree",0,0,1,3,4,19,1,14
"905","TD065","sm","agree",0,0,1,3,4,19,1,20
"907","TD065","sm","disagree",0,0,1,3,4,19,1,13
"909","TD066","gc","agree",0,0,1,5,2,33,0,17
"911","TD066","gc","disagree",0,0,1,5,2,33,0,14
"913","TD066","pa","agree",0,0,1,5,2,33,0,16
"915","TD066","pa","disagree",0,0,1,5,2,33,0,15
"917","TD066","sm","agree",0,0,1,5,2,33,0,17
"919","TD066","sm","disagree",0,0,1,5,2,33,0,18
"921","TD066","uh","agree",0,0,1,5,2,33,0,14
"923","TD066","uh","disagree",0,0,1,5,2,33,0,12
"925","TD067","gc","agree",0,0,1,5,5,23,1,11
"927","TD067","gc","disagree",0,0,1,5,5,23,1,14
"929","TD067","hs","agree",0,0,1,5,5,23,1,12
"931","TD067","hs","disagree",0,0,1,5,5,23,1,15
"933","TD067","lm","agree",0,0,1,5,5,23,1,13
"935","TD067","lm","disagree",0,0,1,5,5,23,1,10
"937","TD067","sm","agree",0,0,1,5,5,23,1,14
"939","TD067","sm","disagree",0,0,1,5,5,23,1,14
"941","TD068","gc","agree",0,1,1,1,3,54,0,18
"943","TD068","gc","disagree",0,1,1,1,3,54,0,16
"945","TD068","lm","agree",0,1,1,1,3,54,0,18
"947","TD068","lm","disagree",0,1,1,1,3,54,0,17
"949","TD068","sm","agree",0,1,1,1,3,54,0,18
"951","TD068","sm","disagree",0,1,1,1,3,54,0,18
"961","TD070","gc","agree",0,0,1,4,2,27,0,17
"963","TD070","gc","disagree",0,0,1,4,2,27,0,17
"965","TD070","lm","agree",0,0,1,4,2,27,0,17
"967","TD070","lm","disagree",0,0,1,4,2,27,0,19
"969","TD070","pa","agree",0,0,1,4,2,27,0,14
"971","TD070","pa","disagree",0,0,1,4,2,27,0,19
"973","TD070","sm","agree",0,0,1,4,2,27,0,22
"975","TD070","sm","disagree",0,0,1,4,2,27,0,18
"977","TD071","gc","agree",0,1,1,3,3,27,1,21
"979","TD071","gc","disagree",0,1,1,3,3,27,1,14
"981","TD071","hs","agree",0,1,1,3,3,27,1,15
"983","TD071","hs","disagree",0,1,1,3,3,27,1,11
"985","TD071","lm","agree",0,1,1,3,3,27,1,16
"987","TD071","lm","disagree",0,1,1,3,3,27,1,11
"989","TD071","sm","agree",0,1,1,3,3,27,1,14
"991","TD071","sm","disagree",0,1,1,3,3,27,1,13
"993","TD072","aa","agree",0,0,1,1,3,61,0,5
"994","TD072","aa","disagree",0,0,1,1,3,61,0,9
"995","TD072","gc","agree",0,0,1,1,3,61,0,10
"996","TD072","gc","disagree",0,0,1,1,3,61,0,6
"997","TD072","hs","agree",0,0,1,1,3,61,0,8
"998","TD072","hs","disagree",0,0,1,1,3,61,0,10
"999","TD072","sm","agree",0,0,1,1,3,61,0,10
"1000","TD072","sm","disagree",0,0,1,1,3,61,0,8
"1009","TD076","aa","agree",0,1,1,1,3,18,0,12
"1011","TD076","aa","disagree",0,1,1,1,3,18,0,8
"1013","TD076","lm","agree",0,1,1,1,3,18,0,14
"1015","TD076","lm","disagree",0,1,1,1,3,18,0,9
"1017","TD076","pa","agree",0,1,1,1,3,18,0,14
"1019","TD076","pa","disagree",0,1,1,1,3,18,0,12
"1021","TD076","sm","agree",0,1,1,1,3,18,0,10
"1023","TD076","sm","disagree",0,1,1,1,3,18,0,10
"1033","TD078","gc","agree",0,1,1,3,2,53,1,9
"1035","TD078","gc","disagree",0,1,1,3,2,53,1,9
"1037","TD078","he","agree",0,1,1,3,2,53,1,20
"1039","TD078","he","disagree",0,1,1,3,2,53,1,8
"1041","TD078","lm","agree",0,1,1,3,2,53,1,10
"1043","TD078","lm","disagree",0,1,1,3,2,53,1,11
"1045","TD078","sm","agree",0,1,1,3,2,53,1,11
"1047","TD078","sm","disagree",0,1,1,3,2,53,1,7
"1049","TD079","aa","agree",0,0,1,1,2,45,0,18
"1051","TD079","aa","disagree",0,0,1,1,2,45,0,14
"1053","TD079","he","agree",0,0,1,1,2,45,0,18
"1055","TD079","he","disagree",0,0,1,1,2,45,0,15
"1057","TD079","lm","agree",0,0,1,1,2,45,0,16
"1059","TD079","lm","disagree",0,0,1,1,2,45,0,15
"1061","TD079","sm","agree",0,0,1,1,2,45,0,17
"1063","TD079","sm","disagree",0,0,1,1,2,45,0,14
"1065","TD081","he","agree",0,0,1,1,1,45,1,17
"1067","TD081","he","disagree",0,0,1,1,1,45,1,19
"1069","TD081","lm","agree",0,0,1,1,1,45,1,7
"1071","TD081","lm","disagree",0,0,1,1,1,45,1,12
"1073","TD081","sm","agree",0,0,1,1,1,45,1,29
"1075","TD081","sm","disagree",0,0,1,1,1,45,1,15
"1077","TD081","uh","agree",0,0,1,1,1,45,1,20
"1079","TD081","uh","disagree",0,0,1,1,1,45,1,17
"2","TD003","gc","agree",1,0,1,7,2,46,0,8
"4","TD003","gc","disagree",1,0,1,7,2,46,0,17
"6","TD003","hs","agree",1,0,1,7,2,46,0,11
"8","TD003","hs","disagree",1,0,1,7,2,46,0,23
"10","TD003","lm","agree",1,0,1,7,2,46,0,20
"12","TD003","lm","disagree",1,0,1,7,2,46,0,22
"14","TD003","sm","agree",1,0,1,7,2,46,0,21
"16","TD003","sm","disagree",1,0,1,7,2,46,0,26
"18","TD004","aa","agree",1,0,1,4,3,54,0,16
"20","TD004","aa","disagree",1,0,1,4,3,54,0,13
"22","TD004","hs","agree",1,0,1,4,3,54,0,19
"24","TD004","hs","disagree",1,0,1,4,3,54,0,17
"26","TD004","sm","agree",1,0,1,4,3,54,0,15
"28","TD004","sm","disagree",1,0,1,4,3,54,0,15
"30","TD004","uh","agree",1,0,1,4,3,54,0,17
"32","TD004","uh","disagree",1,0,1,4,3,54,0,16
"34","TD005","gc","agree",1,1,1,3,2,31,0,10
"36","TD005","gc","disagree",1,1,1,3,2,31,0,8
"38","TD005","lm","agree",1,1,1,3,2,31,0,11
"40","TD005","lm","disagree",1,1,1,3,2,31,0,5
"42","TD005","pa","agree",1,1,1,3,2,31,0,7
"44","TD005","pa","disagree",1,1,1,3,2,31,0,7
"46","TD005","sm","agree",1,1,1,3,2,31,0,6
"48","TD005","sm","disagree",1,1,1,3,2,31,0,8
"50","TD006","aa","agree",1,1,1,5,1,54,1,3
"52","TD006","aa","disagree",1,1,1,5,1,54,1,3
"54","TD006","pa","agree",1,1,1,5,1,54,1,3
"56","TD006","pa","disagree",1,1,1,5,1,54,1,4
"58","TD006","sm","agree",1,1,1,5,1,54,1,4
"60","TD006","sm","disagree",1,1,1,5,1,54,1,4
"62","TD006","uh","agree",1,1,1,5,1,54,1,5
"64","TD006","uh","disagree",1,1,1,5,1,54,1,4
"66","TD007","gc","agree",1,1,0,1,3,55,0,18
"68","TD007","gc","disagree",1,1,0,1,3,55,0,19
"70","TD007","hs","agree",1,1,0,1,3,55,0,21
"72","TD007","hs","disagree",1,1,0,1,3,55,0,24
"74","TD007","sm","agree",1,1,0,1,3,55,0,20
"76","TD007","sm","disagree",1,1,0,1,3,55,0,22
"78","TD007","uh","agree",1,1,0,1,3,55,0,19
"80","TD007","uh","disagree",1,1,0,1,3,55,0,20
"81","TD008","gc","agree",1,0,1,5,1,30,0,23
"82","TD008","gc","disagree",1,0,1,5,1,30,0,19
"83","TD008","pa","agree",1,0,1,5,1,30,0,22
"84","TD008","pa","disagree",1,0,1,5,1,30,0,12
"86","TD008","sm","agree",1,0,1,5,1,30,0,21
"88","TD008","sm","disagree",1,0,1,5,1,30,0,19
"90","TD009","aa","agree",1,0,1,7,2,42,0,12
"92","TD009","aa","disagree",1,0,1,7,2,42,0,19
"94","TD009","gc","agree",1,0,1,7,2,42,0,11
"96","TD009","gc","disagree",1,0,1,7,2,42,0,15
"98","TD009","he","agree",1,0,1,7,2,42,0,15
"100","TD009","he","disagree",1,0,1,7,2,42,0,15
"102","TD009","sm","agree",1,0,1,7,2,42,0,13
"104","TD009","sm","disagree",1,0,1,7,2,42,0,21
"106","TD010","aa","agree",1,1,1,1,4,66,0,8
"108","TD010","aa","disagree",1,1,1,1,4,66,0,6
"110","TD010","gc","agree",1,1,1,1,4,66,0,6
"112","TD010","gc","disagree",1,1,1,1,4,66,0,7
"114","TD010","he","agree",1,1,1,1,4,66,0,12
"116","TD010","he","disagree",1,1,1,1,4,66,0,7
"118","TD010","sm","agree",1,1,1,1,4,66,0,9
"120","TD010","sm","disagree",1,1,1,1,4,66,0,7
"122","TD011","hs","agree",1,1,0,1,3,42,0,14
"124","TD011","hs","disagree",1,1,0,1,3,42,0,15
"126","TD011","lm","agree",1,1,0,1,3,42,0,14
"128","TD011","lm","disagree",1,1,0,1,3,42,0,15
"130","TD011","sm","agree",1,1,0,1,3,42,0,13
"132","TD011","sm","disagree",1,1,0,1,3,42,0,15
"134","TD011","uh","agree",1,1,0,1,3,42,0,20
"136","TD011","uh","disagree",1,1,0,1,3,42,0,13
"138","TD012","aa","agree",1,1,1,7,1,30,1,9
"140","TD012","aa","disagree",1,1,1,7,1,30,1,11
"142","TD012","pa","agree",1,1,1,7,1,30,1,11
"144","TD012","pa","disagree",1,1,1,7,1,30,1,13
"146","TD012","sm","agree",1,1,1,7,1,30,1,11
"148","TD012","sm","disagree",1,1,1,7,1,30,1,11
"150","TD012","uh","agree",1,1,1,7,1,30,1,13
"152","TD012","uh","disagree",1,1,1,7,1,30,1,9
"154","TD013","aa","agree",1,0,1,3,3,19,0,15
"156","TD013","aa","disagree",1,0,1,3,3,19,0,16
"158","TD013","gc","agree",1,0,1,3,3,19,0,14
"160","TD013","gc","disagree",1,0,1,3,3,19,0,18
"162","TD013","he","agree",1,0,1,3,3,19,0,17
"164","TD013","he","disagree",1,0,1,3,3,19,0,12
"166","TD013","sm","agree",1,0,1,3,3,19,0,17
"168","TD013","sm","disagree",1,0,1,3,3,19,0,20
"170","TD014","gc","agree",1,0,1,4,2,21,1,13
"172","TD014","gc","disagree",1,0,1,4,2,21,1,13
"174","TD014","lm","agree",1,0,1,4,2,21,1,13
"176","TD014","lm","disagree",1,0,1,4,2,21,1,13
"178","TD014","pa","agree",1,0,1,4,2,21,1,17
"180","TD014","pa","disagree",1,0,1,4,2,21,1,15
"182","TD014","sm","agree",1,0,1,4,2,21,1,15
"184","TD014","sm","disagree",1,0,1,4,2,21,1,10
"186","TD015","gc","agree",1,0,1,5,1,41,0,6
"188","TD015","gc","disagree",1,0,1,5,1,41,0,7
"190","TD015","hs","agree",1,0,1,5,1,41,0,8
"192","TD015","hs","disagree",1,0,1,5,1,41,0,5
"194","TD015","sm","agree",1,0,1,5,1,41,0,7
"196","TD015","sm","disagree",1,0,1,5,1,41,0,6
"198","TD015","uh","agree",1,0,1,5,1,41,0,6
"200","TD015","uh","disagree",1,0,1,5,1,41,0,6
"202","TD016","aa","agree",1,1,1,4,1,18,0,11
"204","TD016","aa","disagree",1,1,1,4,1,18,0,14
"206","TD016","he","agree",1,1,1,4,1,18,0,13
"208","TD016","he","disagree",1,1,1,4,1,18,0,17
"210","TD016","lm","agree",1,1,1,4,1,18,0,14
"212","TD016","lm","disagree",1,1,1,4,1,18,0,13
"214","TD016","sm","agree",1,1,1,4,1,18,0,13
"216","TD016","sm","disagree",1,1,1,4,1,18,0,14
"218","TD017","hs","agree",1,0,1,3,4,18,1,13
"220","TD017","hs","disagree",1,0,1,3,4,18,1,12
"222","TD017","lm","agree",1,0,1,3,4,18,1,13
"224","TD017","lm","disagree",1,0,1,3,4,18,1,11
"226","TD017","sm","agree",1,0,1,3,4,18,1,13
"228","TD017","sm","disagree",1,0,1,3,4,18,1,10
"230","TD017","uh","agree",1,0,1,3,4,18,1,12
"232","TD017","uh","disagree",1,0,1,3,4,18,1,10
"234","TD018","aa","agree",1,1,1,3,4,49,0,16
"236","TD018","aa","disagree",1,1,1,3,4,49,0,6
"238","TD018","lm","agree",1,1,1,3,4,49,0,14
"240","TD018","lm","disagree",1,1,1,3,4,49,0,8
"242","TD018","pa","agree",1,1,1,3,4,49,0,15
"244","TD018","pa","disagree",1,1,1,3,4,49,0,8
"246","TD018","sm","agree",1,1,1,3,4,49,0,10
"248","TD018","sm","disagree",1,1,1,3,4,49,0,3
"250","TD019","aa","agree",1,0,1,3,2,50,0,7
"252","TD019","aa","disagree",1,0,1,3,2,50,0,5
"254","TD019","hs","agree",1,0,1,3,2,50,0,8
"256","TD019","hs","disagree",1,0,1,3,2,50,0,5
"258","TD019","sm","agree",1,0,1,3,2,50,0,4
"260","TD019","sm","disagree",1,0,1,3,2,50,0,4
"262","TD019","uh","agree",1,0,1,3,2,50,0,6
"264","TD019","uh","disagree",1,0,1,3,2,50,0,3
"266","TD020","aa","agree",1,0,1,5,3,24,0,11
"268","TD020","aa","disagree",1,0,1,5,3,24,0,4
"270","TD020","gc","agree",1,0,1,5,3,24,0,9
"272","TD020","gc","disagree",1,0,1,5,3,24,0,5
"274","TD020","he","agree",1,0,1,5,3,24,0,9
"276","TD020","he","disagree",1,0,1,5,3,24,0,6
"278","TD020","sm","agree",1,0,1,5,3,24,0,8
"280","TD020","sm","disagree",1,0,1,5,3,24,0,4
"282","TD021","gc","agree",1,1,1,1,5,52,0,5
"284","TD021","gc","disagree",1,1,1,1,5,52,0,2
"286","TD021","he","agree",1,1,1,1,5,52,0,4
"288","TD021","he","disagree",1,1,1,1,5,52,0,1
"290","TD021","lm","agree",1,1,1,1,5,52,0,4
"292","TD021","lm","disagree",1,1,1,1,5,52,0,2
"294","TD021","sm","agree",1,1,1,1,5,52,0,3
"296","TD021","sm","disagree",1,1,1,1,5,52,0,4
"298","TD022","aa","agree",1,1,0,1,5,41,1,7
"300","TD022","aa","disagree",1,1,0,1,5,41,1,5
"302","TD022","gc","agree",1,1,0,1,5,41,1,9
"304","TD022","gc","disagree",1,1,0,1,5,41,1,4
"306","TD022","pa","agree",1,1,0,1,5,41,1,9
"308","TD022","pa","disagree",1,1,0,1,5,41,1,5
"310","TD022","sm","agree",1,1,0,1,5,41,1,7
"312","TD022","sm","disagree",1,1,0,1,5,41,1,6
"314","TD023","aa","agree",1,1,1,3,3,20,0,4
"316","TD023","aa","disagree",1,1,1,3,3,20,0,4
"318","TD023","he","agree",1,1,1,3,3,20,0,7
"320","TD023","he","disagree",1,1,1,3,3,20,0,6
"322","TD023","lm","agree",1,1,1,3,3,20,0,7
"324","TD023","lm","disagree",1,1,1,3,3,20,0,6
"326","TD023","sm","agree",1,1,1,3,3,20,0,6
"328","TD023","sm","disagree",1,1,1,3,3,20,0,7
"330","TD024","he","agree",1,0,1,4,2,23,0,9
"332","TD024","he","disagree",1,0,1,4,2,23,0,9
"334","TD024","lm","agree",1,0,1,4,2,23,0,6
"336","TD024","lm","disagree",1,0,1,4,2,23,0,5
"338","TD024","sm","agree",1,0,1,4,2,23,0,7
"340","TD024","sm","disagree",1,0,1,4,2,23,0,8
"342","TD024","uh","agree",1,0,1,4,2,23,0,8
"344","TD024","uh","disagree",1,0,1,4,2,23,0,4
"346","TD025","aa","agree",1,0,1,4,2,22,0,14
"348","TD025","aa","disagree",1,0,1,4,2,22,0,10
"350","TD025","he","agree",1,0,1,4,2,22,0,15
"352","TD025","he","disagree",1,0,1,4,2,22,0,14
"354","TD025","lm","agree",1,0,1,4,2,22,0,15
"356","TD025","lm","disagree",1,0,1,4,2,22,0,19
"358","TD025","sm","agree",1,0,1,4,2,22,0,13
"360","TD025","sm","disagree",1,0,1,4,2,22,0,12
"362","TD026","aa","agree",1,1,1,1,1,19,1,8
"364","TD026","aa","disagree",1,1,1,1,1,19,1,9
"366","TD026","he","agree",1,1,1,1,1,19,1,13
"368","TD026","he","disagree",1,1,1,1,1,19,1,15
"370","TD026","sm","agree",1,1,1,1,1,19,1,12
"372","TD026","sm","disagree",1,1,1,1,1,19,1,11
"374","TD026","uh","agree",1,1,1,1,1,19,1,12
"376","TD026","uh","disagree",1,1,1,1,1,19,1,13
"378","TD027","aa","agree",1,1,1,5,4,44,0,8
"380","TD027","aa","disagree",1,1,1,5,4,44,0,5
"382","TD027","gc","agree",1,1,1,5,4,44,0,6
"384","TD027","gc","disagree",1,1,1,5,4,44,0,8
"386","TD027","hs","agree",1,1,1,5,4,44,0,5
"388","TD027","hs","disagree",1,1,1,5,4,44,0,7
"390","TD027","sm","agree",1,1,1,5,4,44,0,9
"392","TD027","sm","disagree",1,1,1,5,4,44,0,9
"394","TD028","gc","agree",1,0,1,1,5,19,1,15
"396","TD028","gc","disagree",1,0,1,1,5,19,1,14
"398","TD028","lm","agree",1,0,1,1,5,19,1,22
"400","TD028","lm","disagree",1,0,1,1,5,19,1,15
"402","TD028","sm","agree",1,0,1,1,5,19,1,22
"404","TD028","sm","disagree",1,0,1,1,5,19,1,15
"406","TD028","uh","agree",1,0,1,1,5,19,1,14
"408","TD028","uh","disagree",1,0,1,1,5,19,1,13
"410","TD029","hs","agree",1,1,1,1,2,29,1,8
"412","TD029","hs","disagree",1,1,1,1,2,29,1,7
"414","TD029","lm","agree",1,1,1,1,2,29,1,8
"416","TD029","lm","disagree",1,1,1,1,2,29,1,13
"418","TD029","sm","agree",1,1,1,1,2,29,1,13
"420","TD029","sm","disagree",1,1,1,1,2,29,1,11
"422","TD029","uh","agree",1,1,1,1,2,29,1,15
"424","TD029","uh","disagree",1,1,1,1,2,29,1,8
"426","TD030","hs","agree",1,0,0,1,4,54,0,12
"428","TD030","hs","disagree",1,0,0,1,4,54,0,7
"430","TD030","lm","agree",1,0,0,1,4,54,0,16
"432","TD030","lm","disagree",1,0,0,1,4,54,0,6
"434","TD030","sm","agree",1,0,0,1,4,54,0,33
"436","TD030","sm","disagree",1,0,0,1,4,54,0,11
"438","TD030","uh","agree",1,0,0,1,4,54,0,20
"440","TD030","uh","disagree",1,0,0,1,4,54,0,11
"442","TD031","he","agree",1,1,1,3,4,19,0,9
"444","TD031","he","disagree",1,1,1,3,4,19,0,8
"446","TD031","lm","agree",1,1,1,3,4,19,0,11
"448","TD031","lm","disagree",1,1,1,3,4,19,0,9
"450","TD031","sm","agree",1,1,1,3,4,19,0,9
"452","TD031","sm","disagree",1,1,1,3,4,19,0,9
"458","TD033","lm","agree",1,1,0,1,3,61,0,9
"460","TD033","lm","disagree",1,1,0,1,3,61,0,7
"462","TD033","pa","agree",1,1,0,1,3,61,0,6
"464","TD033","pa","disagree",1,1,0,1,3,61,0,9
"466","TD033","sm","agree",1,1,0,1,3,61,0,11
"468","TD033","sm","disagree",1,1,0,1,3,61,0,8
"470","TD033","uh","agree",1,1,0,1,3,61,0,5
"472","TD033","uh","disagree",1,1,0,1,3,61,0,5
"474","TD034","gc","agree",1,1,1,4,3,56,0,8
"476","TD034","gc","disagree",1,1,1,4,3,56,0,6
"478","TD034","lm","agree",1,1,1,4,3,56,0,11
"480","TD034","lm","disagree",1,1,1,4,3,56,0,7
"482","TD034","pa","agree",1,1,1,4,3,56,0,10
"484","TD034","pa","disagree",1,1,1,4,3,56,0,8
"486","TD034","sm","agree",1,1,1,4,3,56,0,9
"488","TD034","sm","disagree",1,1,1,4,3,56,0,6
"490","TD035","lm","agree",1,1,1,1,2,55,0,12
"492","TD035","lm","disagree",1,1,1,1,2,55,0,21
"494","TD035","pa","agree",1,1,1,1,2,55,0,20
"496","TD035","pa","disagree",1,1,1,1,2,55,0,18
"498","TD035","sm","agree",1,1,1,1,2,55,0,19
"500","TD035","sm","disagree",1,1,1,1,2,55,0,19
"502","TD036","gc","agree",1,0,1,1,1,52,0,16
"504","TD036","gc","disagree",1,0,1,1,1,52,0,11
"506","TD036","he","agree",1,0,1,1,1,52,0,11
"508","TD036","he","disagree",1,0,1,1,1,52,0,8
"510","TD036","lm","agree",1,0,1,1,1,52,0,15
"512","TD036","lm","disagree",1,0,1,1,1,52,0,9
"514","TD036","sm","agree",1,0,1,1,1,52,0,10
"516","TD036","sm","disagree",1,0,1,1,1,52,0,11
"518","TD037","aa","agree",1,0,1,1,2,50,0,8
"520","TD037","aa","disagree",1,0,1,1,2,50,0,7
"522","TD037","gc","agree",1,0,1,1,2,50,0,6
"524","TD037","gc","disagree",1,0,1,1,2,50,0,7
"526","TD037","hs","agree",1,0,1,1,2,50,0,8
"528","TD037","hs","disagree",1,0,1,1,2,50,0,7
"530","TD037","sm","agree",1,0,1,1,2,50,0,6
"532","TD037","sm","disagree",1,0,1,1,2,50,0,6
"538","TD038","lm","agree",1,0,1,1,1,55,0,23
"540","TD038","lm","disagree",1,0,1,1,1,55,0,21
"542","TD038","sm","agree",1,0,1,1,1,55,0,22
"544","TD038","sm","disagree",1,0,1,1,1,55,0,23
"546","TD039","aa","agree",1,0,1,7,2,63,0,16
"548","TD039","aa","disagree",1,0,1,7,2,63,0,31
"550","TD039","he","agree",1,0,1,7,2,63,0,24
"552","TD039","he","disagree",1,0,1,7,2,63,0,27
"554","TD039","lm","agree",1,0,1,7,2,63,0,12
"556","TD039","lm","disagree",1,0,1,7,2,63,0,10
"558","TD039","sm","agree",1,0,1,7,2,63,0,12
"560","TD039","sm","disagree",1,0,1,7,2,63,0,16
"562","TD040","gc","agree",1,0,1,5,1,25,1,13
"564","TD040","gc","disagree",1,0,1,5,1,25,1,11
"566","TD040","hs","agree",1,0,1,5,1,25,1,12
"568","TD040","hs","disagree",1,0,1,5,1,25,1,11
"570","TD040","sm","agree",1,0,1,5,1,25,1,12
"572","TD040","sm","disagree",1,0,1,5,1,25,1,13
"574","TD040","uh","agree",1,0,1,5,1,25,1,11
"576","TD040","uh","disagree",1,0,1,5,1,25,1,8
"578","TD041","aa","agree",1,1,1,5,2,55,0,21
"580","TD041","aa","disagree",1,1,1,5,2,55,0,14
"582","TD041","gc","agree",1,1,1,5,2,55,0,22
"584","TD041","gc","disagree",1,1,1,5,2,55,0,20
"586","TD041","sm","agree",1,1,1,5,2,55,0,20
"588","TD041","sm","disagree",1,1,1,5,2,55,0,17
"589","TD042","gc","agree",1,1,1,5,3,28,0,14
"590","TD042","gc","disagree",1,1,1,5,3,28,0,15
"591","TD042","he","agree",1,1,1,5,3,28,0,17
"592","TD042","he","disagree",1,1,1,5,3,28,0,10
"593","TD042","sm","agree",1,1,1,5,3,28,0,12
"594","TD042","sm","disagree",1,1,1,5,3,28,0,10
"595","TD042","uh","agree",1,1,1,5,3,28,0,10
"596","TD042","uh","disagree",1,1,1,5,3,28,0,12
"598","TD044","aa","agree",1,0,1,1,2,23,0,5
"600","TD044","aa","disagree",1,0,1,1,2,23,0,3
"602","TD044","hs","agree",1,0,1,1,2,23,0,4
"604","TD044","hs","disagree",1,0,1,1,2,23,0,5
"606","TD044","lm","agree",1,0,1,1,2,23,0,7
"608","TD044","lm","disagree",1,0,1,1,2,23,0,3
"610","TD044","sm","agree",1,0,1,1,2,23,0,4
"612","TD044","sm","disagree",1,0,1,1,2,23,0,5
"614","TD045","gc","agree",1,0,0,3,1,26,1,8
"616","TD045","gc","disagree",1,0,0,3,1,26,1,11
"618","TD045","lm","agree",1,0,0,3,1,26,1,8
"620","TD045","lm","disagree",1,0,0,3,1,26,1,10
"622","TD045","pa","agree",1,0,0,3,1,26,1,11
"624","TD045","pa","disagree",1,0,0,3,1,26,1,8
"626","TD045","sm","agree",1,0,0,3,1,26,1,10
"628","TD045","sm","disagree",1,0,0,3,1,26,1,10
"630","TD046","gc","agree",1,1,0,1,2,35,0,18
"632","TD046","gc","disagree",1,1,0,1,2,35,0,12
"634","TD046","hs","agree",1,1,0,1,2,35,0,21
"636","TD046","hs","disagree",1,1,0,1,2,35,0,12
"638","TD046","sm","agree",1,1,0,1,2,35,0,38
"640","TD046","sm","disagree",1,1,0,1,2,35,0,32
"642","TD047","gc","agree",1,1,1,5,3,24,1,13
"644","TD047","gc","disagree",1,1,1,5,3,24,1,15
"646","TD047","he","agree",1,1,1,5,3,24,1,19
"648","TD047","he","disagree",1,1,1,5,3,24,1,14
"650","TD047","lm","agree",1,1,1,5,3,24,1,18
"652","TD047","lm","disagree",1,1,1,5,3,24,1,16
"654","TD047","sm","agree",1,1,1,5,3,24,1,15
"656","TD047","sm","disagree",1,1,1,5,3,24,1,15
"658","TD048","aa","agree",1,1,0,5,2,25,0,11
"660","TD048","aa","disagree",1,1,0,5,2,25,0,7
"662","TD048","gc","agree",1,1,0,5,2,25,0,10
"664","TD048","gc","disagree",1,1,0,5,2,25,0,7
"666","TD048","pa","agree",1,1,0,5,2,25,0,9
"668","TD048","pa","disagree",1,1,0,5,2,25,0,6
"670","TD048","sm","agree",1,1,0,5,2,25,0,10
"672","TD048","sm","disagree",1,1,0,5,2,25,0,6
"674","TD049","aa","agree",1,0,1,1,4,42,0,4
"676","TD049","aa","disagree",1,0,1,1,4,42,0,4
"678","TD049","gc","agree",1,0,1,1,4,42,0,4
"680","TD049","gc","disagree",1,0,1,1,4,42,0,4
"682","TD049","pa","agree",1,0,1,1,4,42,0,4
"684","TD049","pa","disagree",1,0,1,1,4,42,0,4
"686","TD049","sm","agree",1,0,1,1,4,42,0,4
"688","TD049","sm","disagree",1,0,1,1,4,42,0,4
"690","TD050","gc","agree",1,0,1,1,2,21,0,8
"692","TD050","gc","disagree",1,0,1,1,2,21,0,8
"694","TD050","hs","agree",1,0,1,1,2,21,0,9
"696","TD050","hs","disagree",1,0,1,1,2,21,0,8
"698","TD050","lm","agree",1,0,1,1,2,21,0,11
"700","TD050","lm","disagree",1,0,1,1,2,21,0,11
"702","TD050","sm","agree",1,0,1,1,2,21,0,3
"704","TD050","sm","disagree",1,0,1,1,2,21,0,9
"705","TD051","gc","agree",1,1,1,1,4,30,0,1
"706","TD051","gc","disagree",1,1,1,1,4,30,0,5
"708","TD051","lm","agree",1,1,1,1,4,30,0,3
"710","TD051","lm","disagree",1,1,1,1,4,30,0,2
"711","TD051","pa","agree",1,1,1,1,4,30,0,0
"712","TD051","pa","disagree",1,1,1,1,4,30,0,4
"714","TD051","sm","agree",1,1,1,1,4,30,0,6
"716","TD051","sm","disagree",1,1,1,1,4,30,0,6
"718","TD052","aa","agree",1,1,1,3,3,37,0,11
"720","TD052","aa","disagree",1,1,1,3,3,37,0,11
"722","TD052","gc","agree",1,1,1,3,3,37,0,9
"724","TD052","gc","disagree",1,1,1,3,3,37,0,13
"726","TD052","hs","agree",1,1,1,3,3,37,0,11
"728","TD052","hs","disagree",1,1,1,3,3,37,0,9
"730","TD052","sm","agree",1,1,1,3,3,37,0,12
"732","TD052","sm","disagree",1,1,1,3,3,37,0,12
"734","TD053","gc","agree",1,0,0,1,2,45,0,5
"736","TD053","gc","disagree",1,0,0,1,2,45,0,9
"738","TD053","he","agree",1,0,0,1,2,45,0,10
"740","TD053","he","disagree",1,0,0,1,2,45,0,13
"742","TD053","sm","agree",1,0,0,1,2,45,0,8
"744","TD053","sm","disagree",1,0,0,1,2,45,0,6
"746","TD053","uh","agree",1,0,0,1,2,45,0,11
"748","TD053","uh","disagree",1,0,0,1,2,45,0,10
"757","TD055","gc","agree",1,0,1,1,2,54,1,14
"758","TD055","gc","disagree",1,0,1,1,2,54,1,9
"759","TD055","pa","agree",1,0,1,1,2,54,1,17
"760","TD055","pa","disagree",1,0,1,1,2,54,1,6
"761","TD055","sm","agree",1,0,1,1,2,54,1,16
"762","TD055","sm","disagree",1,0,1,1,2,54,1,12
"763","TD055","uh","agree",1,0,1,1,2,54,1,10
"764","TD055","uh","disagree",1,0,1,1,2,54,1,6
"766","TD056","aa","agree",1,1,1,5,1,23,0,7
"768","TD056","aa","disagree",1,1,1,5,1,23,0,7
"774","TD056","sm","agree",1,1,1,5,1,23,0,12
"776","TD056","sm","disagree",1,1,1,5,1,23,0,9
"778","TD057","gc","agree",1,1,1,1,2,41,0,7
"780","TD057","gc","disagree",1,1,1,1,2,41,0,6
"782","TD057","hs","agree",1,1,1,1,2,41,0,8
"784","TD057","hs","disagree",1,1,1,1,2,41,0,7
"786","TD057","lm","agree",1,1,1,1,2,41,0,9
"788","TD057","lm","disagree",1,1,1,1,2,41,0,8
"790","TD057","sm","agree",1,1,1,1,2,41,0,9
"792","TD057","sm","disagree",1,1,1,1,2,41,0,8
"794","TD058","aa","agree",1,0,0,3,3,50,0,11
"796","TD058","aa","disagree",1,0,0,3,3,50,0,8
"798","TD058","he","agree",1,0,0,3,3,50,0,10
"800","TD058","he","disagree",1,0,0,3,3,50,0,10
"802","TD058","sm","agree",1,0,0,3,3,50,0,15
"804","TD058","sm","disagree",1,0,0,3,3,50,0,11
"806","TD059","gc","agree",1,0,1,1,3,19,0,8
"808","TD059","gc","disagree",1,0,1,1,3,19,0,7
"810","TD059","he","agree",1,0,1,1,3,19,0,10
"812","TD059","he","disagree",1,0,1,1,3,19,0,11
"814","TD059","lm","agree",1,0,1,1,3,19,0,10
"816","TD059","lm","disagree",1,0,1,1,3,19,0,9
"818","TD059","sm","agree",1,0,1,1,3,19,0,10
"820","TD059","sm","disagree",1,0,1,1,3,19,0,9
"822","TD060","gc","agree",1,1,0,1,3,20,1,10
"824","TD060","gc","disagree",1,1,0,1,3,20,1,4
"826","TD060","pa","agree",1,1,0,1,3,20,1,4
"828","TD060","pa","disagree",1,1,0,1,3,20,1,5
"830","TD060","sm","agree",1,1,0,1,3,20,1,8
"832","TD060","sm","disagree",1,1,0,1,3,20,1,5
"834","TD060","uh","agree",1,1,0,1,3,20,1,2
"836","TD060","uh","disagree",1,1,0,1,3,20,1,3
"838","TD061","he","agree",1,1,1,1,2,44,0,8
"840","TD061","he","disagree",1,1,1,1,2,44,0,7
"842","TD061","lm","agree",1,1,1,1,2,44,0,8
"844","TD061","lm","disagree",1,1,1,1,2,44,0,8
"846","TD061","sm","agree",1,1,1,1,2,44,0,9
"848","TD061","sm","disagree",1,1,1,1,2,44,0,8
"850","TD061","uh","agree",1,1,1,1,2,44,0,10
"852","TD061","uh","disagree",1,1,1,1,2,44,0,8
"854","TD062","gc","agree",1,1,0,3,2,33,0,34
"856","TD062","gc","disagree",1,1,0,3,2,33,0,23
"858","TD062","he","agree",1,1,0,3,2,33,0,42
"860","TD062","he","disagree",1,1,0,3,2,33,0,27
"862","TD062","lm","agree",1,1,0,3,2,33,0,30
"864","TD062","lm","disagree",1,1,0,3,2,33,0,29
"866","TD062","sm","agree",1,1,0,3,2,33,0,44
"868","TD062","sm","disagree",1,1,0,3,2,33,0,33
"869","TD063","aa","agree",1,0,0,1,5,49,0,7
"870","TD063","aa","disagree",1,0,0,1,5,49,0,10
"871","TD063","pa","agree",1,0,0,1,5,49,0,7
"872","TD063","pa","disagree",1,0,0,1,5,49,0,8
"873","TD063","sm","agree",1,0,0,1,5,49,0,11
"874","TD063","sm","disagree",1,0,0,1,5,49,0,10
"875","TD063","uh","agree",1,0,0,1,5,49,0,8
"876","TD063","uh","disagree",1,0,0,1,5,49,0,8
"878","TD064","gc","agree",1,1,1,3,3,20,1,18
"880","TD064","gc","disagree",1,1,1,3,3,20,1,16
"882","TD064","pa","agree",1,1,1,3,3,20,1,12
"884","TD064","pa","disagree",1,1,1,3,3,20,1,25
"886","TD064","sm","agree",1,1,1,3,3,20,1,16
"888","TD064","sm","disagree",1,1,1,3,3,20,1,19
"890","TD064","uh","agree",1,1,1,3,3,20,1,18
"892","TD064","uh","disagree",1,1,1,3,3,20,1,17
"894","TD065","aa","agree",1,0,1,3,4,19,1,22
"896","TD065","aa","disagree",1,0,1,3,4,19,1,22
"898","TD065","hs","agree",1,0,1,3,4,19,1,28
"900","TD065","hs","disagree",1,0,1,3,4,19,1,26
"902","TD065","lm","agree",1,0,1,3,4,19,1,27
"904","TD065","lm","disagree",1,0,1,3,4,19,1,20
"906","TD065","sm","agree",1,0,1,3,4,19,1,24
"908","TD065","sm","disagree",1,0,1,3,4,19,1,19
"910","TD066","gc","agree",1,0,1,5,2,33,0,14
"912","TD066","gc","disagree",1,0,1,5,2,33,0,12
"914","TD066","pa","agree",1,0,1,5,2,33,0,16
"916","TD066","pa","disagree",1,0,1,5,2,33,0,12
"918","TD066","sm","agree",1,0,1,5,2,33,0,14
"920","TD066","sm","disagree",1,0,1,5,2,33,0,10
"922","TD066","uh","agree",1,0,1,5,2,33,0,15
"924","TD066","uh","disagree",1,0,1,5,2,33,0,17
"926","TD067","gc","agree",1,0,1,5,5,23,1,14
"928","TD067","gc","disagree",1,0,1,5,5,23,1,12
"930","TD067","hs","agree",1,0,1,5,5,23,1,13
"932","TD067","hs","disagree",1,0,1,5,5,23,1,13
"934","TD067","lm","agree",1,0,1,5,5,23,1,13
"936","TD067","lm","disagree",1,0,1,5,5,23,1,13
"938","TD067","sm","agree",1,0,1,5,5,23,1,10
"940","TD067","sm","disagree",1,0,1,5,5,23,1,12
"942","TD068","gc","agree",1,1,1,1,3,54,0,10
"944","TD068","gc","disagree",1,1,1,1,3,54,0,13
"946","TD068","lm","agree",1,1,1,1,3,54,0,15
"948","TD068","lm","disagree",1,1,1,1,3,54,0,13
"950","TD068","sm","agree",1,1,1,1,3,54,0,14
"952","TD068","sm","disagree",1,1,1,1,3,54,0,10
"953","TD069","gc","agree",1,1,1,1,3,34,0,14
"954","TD069","gc","disagree",1,1,1,1,3,34,0,10
"955","TD069","lm","agree",1,1,1,1,3,34,0,9
"956","TD069","lm","disagree",1,1,1,1,3,34,0,12
"957","TD069","pa","agree",1,1,1,1,3,34,0,11
"958","TD069","pa","disagree",1,1,1,1,3,34,0,9
"959","TD069","sm","agree",1,1,1,1,3,34,0,11
"960","TD069","sm","disagree",1,1,1,1,3,34,0,11
"962","TD070","gc","agree",1,0,1,4,2,27,0,17
"964","TD070","gc","disagree",1,0,1,4,2,27,0,19
"966","TD070","lm","agree",1,0,1,4,2,27,0,17
"968","TD070","lm","disagree",1,0,1,4,2,27,0,19
"970","TD070","pa","agree",1,0,1,4,2,27,0,13
"972","TD070","pa","disagree",1,0,1,4,2,27,0,19
"974","TD070","sm","agree",1,0,1,4,2,27,0,15
"976","TD070","sm","disagree",1,0,1,4,2,27,0,17
"978","TD071","gc","agree",1,1,1,3,3,27,1,0
"980","TD071","gc","disagree",1,1,1,3,3,27,1,0
"982","TD071","hs","agree",1,1,1,3,3,27,1,0
"984","TD071","hs","disagree",1,1,1,3,3,27,1,0
"986","TD071","lm","agree",1,1,1,3,3,27,1,0
"988","TD071","lm","disagree",1,1,1,3,3,27,1,0
"990","TD071","sm","agree",1,1,1,3,3,27,1,0
"992","TD071","sm","disagree",1,1,1,3,3,27,1,0
"1001","TD074","gc","agree",1,1,1,3,5,36,1,14
"1002","TD074","gc","disagree",1,1,1,3,5,36,1,14
"1003","TD074","lm","agree",1,1,1,3,5,36,1,14
"1004","TD074","lm","disagree",1,1,1,3,5,36,1,14
"1005","TD074","pa","agree",1,1,1,3,5,36,1,17
"1006","TD074","pa","disagree",1,1,1,3,5,36,1,13
"1007","TD074","sm","agree",1,1,1,3,5,36,1,15
"1008","TD074","sm","disagree",1,1,1,3,5,36,1,16
"1010","TD076","aa","agree",1,1,1,1,3,18,0,9
"1012","TD076","aa","disagree",1,1,1,1,3,18,0,12
"1014","TD076","lm","agree",1,1,1,1,3,18,0,11
"1016","TD076","lm","disagree",1,1,1,1,3,18,0,9
"1018","TD076","pa","agree",1,1,1,1,3,18,0,7
"1020","TD076","pa","disagree",1,1,1,1,3,18,0,8
"1022","TD076","sm","agree",1,1,1,1,3,18,0,9
"1024","TD076","sm","disagree",1,1,1,1,3,18,0,5
"1025","TD077","aa","agree",1,0,0,1,3,30,1,16
"1026","TD077","aa","disagree",1,0,0,1,3,30,1,20
"1027","TD077","gc","agree",1,0,0,1,3,30,1,20
"1028","TD077","gc","disagree",1,0,0,1,3,30,1,23
"1029","TD077","he","agree",1,0,0,1,3,30,1,30
"1030","TD077","he","disagree",1,0,0,1,3,30,1,19
"1031","TD077","sm","agree",1,0,0,1,3,30,1,20
"1032","TD077","sm","disagree",1,0,0,1,3,30,1,22
"1034","TD078","gc","agree",1,1,1,3,2,53,1,12
"1036","TD078","gc","disagree",1,1,1,3,2,53,1,7
"1038","TD078","he","agree",1,1,1,3,2,53,1,11
"1040","TD078","he","disagree",1,1,1,3,2,53,1,8
"1042","TD078","lm","agree",1,1,1,3,2,53,1,11
"1044","TD078","lm","disagree",1,1,1,3,2,53,1,9
"1046","TD078","sm","agree",1,1,1,3,2,53,1,11
"1048","TD078","sm","disagree",1,1,1,3,2,53,1,7
"1050","TD079","aa","agree",1,0,1,1,2,45,0,23
"1052","TD079","aa","disagree",1,0,1,1,2,45,0,15
"1054","TD079","he","agree",1,0,1,1,2,45,0,18
"1056","TD079","he","disagree",1,0,1,1,2,45,0,21
"1058","TD079","lm","agree",1,0,1,1,2,45,0,17
"1060","TD079","lm","disagree",1,0,1,1,2,45,0,24
"1062","TD079","sm","agree",1,0,1,1,2,45,0,21
"1064","TD079","sm","disagree",1,0,1,1,2,45,0,25
"1066","TD081","he","agree",1,0,1,1,1,45,1,26
"1068","TD081","he","disagree",1,0,1,1,1,45,1,23
"1070","TD081","lm","agree",1,0,1,1,1,45,1,26
"1072","TD081","lm","disagree",1,0,1,1,1,45,1,18
"1074","TD081","sm","agree",1,0,1,1,1,45,1,29
"1076","TD081","sm","disagree",1,0,1,1,1,45,1,16
"1078","TD081","uh","agree",1,0,1,1,1,45,1,15
"1080","TD081","uh","disagree",1,0,1,1,1,45,1,14
